Entry_norm,class,YourScore,YourPred,PScore,PScorePred,ID_norm_x,PICNIC_score,PICNIC_pred,PSPire_score,PSPire_pred
A0A1I9LRM4,1,0.7798328,1,0.023324652777777777,1,A0A1I9LRM4,0.8279025909278896,1.0,0.65309656,1
A0A1I9LSC0,1,0.5488169,1,0.002207505518763797,0,A0A1I9LSC0,0.7962416770645149,1.0,0.30301484,0
A0A1P8AVE9,1,0.65533286,1,0.01405015844273427,1,A0A1P8AVE9,0.932328438263278,1.0,0.6840366,1
A0A1P8B455,1,0.72522455,1,0.008571358998709425,0,A0A1P8B455,0.9175606583122138,1.0,0.9704666,1
A0A2H1ZEE9,1,0.6287348,1,0.05111799644299281,1,A0A2H1ZEE9,0.8897681497449813,1.0,0.9438055,1
A0JQ00,0,0.59090465,1,0.013215604801477378,1,A0JQ00,0.5132350576274212,1.0,0.14600137,0
A1A6K6,1,0.67963547,1,0.02107240877525834,1,A1A6K6,0.5392261060646402,1.0,0.9035677,1
A2RVK7,1,0.79351914,1,0.0060272216796875,0,A2RVK7,0.5323763764334488,1.0,0.22504249,0
A2RVS6,1,0.6934312,1,0.03284444444444445,1,A2RVS6,0.9216730020715284,1.0,0.9016754,1
A2RVT9,1,0.8081328,1,0.0,0,A2RVT9,0.8537527631073922,1.0,0.34949642,0
A4FVN8,1,0.83383113,1,0.01522558165742289,1,A4FVN8,0.6894342408998941,1.0,0.41485777,0
A9LLI7,1,0.7795711,1,0.010652662174659797,1,A9LLI7,0.8832353906266569,1.0,0.6321919,1
B5X582,1,0.8081328,1,0.0,0,B5X582,0.7789143613768597,1.0,0.19070351,0
B6EUA9,1,0.7445851,1,0.012246067616511435,1,B6EUA9,0.8949123776137957,1.0,0.8459326,1
F4HWC3,1,0.58536357,1,0.003563028353729328,0,F4HWC3,0.9386721469613676,1.0,0.4767178,0
F4HZI8,1,0.64557946,1,0.016292440018107743,1,F4HZI8,0.824339867876289,1.0,0.09000053,0
F4I1G1,1,0.6049472,1,0.009440150833887231,0,F4I1G1,0.716373160947652,1.0,0.7853924,1
F4I366,1,0.65395594,1,0.014260451226648142,1,F4I366,0.808450994503431,1.0,0.72010463,1
F4I3B3,1,0.79941607,1,0.01099861128645373,1,F4I3B3,0.7855778515079522,1.0,0.99290144,1
F4I420,1,0.7230325,1,0.0035588102501379567,0,F4I420,0.937303735505878,1.0,0.63843167,1
F4I9J7,1,0.71864563,1,0.015635721988040387,1,F4I9J7,0.7051849456533044,1.0,0.54105175,1
F4ID16,0,0.7226341,1,0.009338949647337197,0,F4ID16,0.7235323368378976,1.0,0.9929298,1
F4IE66,1,0.69290274,1,0.0130930636524026,1,F4IE66,0.8755217414445569,1.0,0.8484003,1
F4IHU8,1,0.6180752,1,0.0085235595703125,0,F4IHU8,0.6983048910657849,1.0,0.67218864,1
F4ILE1,1,0.8081328,1,0.0,0,F4ILE1,0.8831593471058945,1.0,0.9813636,1
F4IMB5,1,0.8081328,1,0.0,0,F4IMB5,0.2427404390675885,0.0,0.017586097,0
F4IRF5,1,0.79824895,1,0.006152105024898144,0,F4IRF5,0.9043523988669088,1.0,0.60601074,1
F4J6A8,1,0.70573646,1,0.010088172972869671,1,F4J6A8,0.8921190958754154,1.0,0.7556999,1
F4J8X6,1,0.6276673,1,0.01476046887560982,1,F4J8X6,0.6632650031187998,1.0,0.049325623,0
F4JI44,1,0.39149952,0,0.008224874005631207,0,F4JI44,0.6395776234012043,1.0,0.12797964,0
F4JJC1,1,0.62454796,1,0.012620713975694444,1,F4JJC1,0.6102034091314856,1.0,0.20557877,0
F4JLM5,1,0.8081328,1,0.0,0,F4JLM5,0.7907813584506038,1.0,0.9378716,1
F4JPA3,1,0.8081328,1,0.0,0,F4JPA3,0.8652001816406916,1.0,0.03255514,0
F4JQ75,1,0.722212,1,0.014443683716136146,1,F4JQ75,0.8393343658007937,1.0,0.95435035,1
F4JRD3,0,0.6906174,1,0.006061691898832452,0,F4JRD3,0.1824307501312159,0.0,0.049753573,0
F4JRJ6,1,0.7179641,1,0.012309921846695306,1,F4JRJ6,0.763742865280187,1.0,0.78529376,1
F4JRX3,1,0.71033365,1,0.009609039120350151,0,F4JRX3,0.9358670085652196,1.0,0.62284094,1
F4JT92,1,0.717997,1,0.009249747693194924,0,F4JT92,0.902192904582965,1.0,0.8339464,1
F4JTD2,1,0.7861445,1,0.008186445631645552,0,F4JTD2,0.9334993752822078,1.0,0.980193,1
F4JVN6,1,0.8032967,1,0.010401701323251418,1,F4JVN6,0.7795595485710298,1.0,0.3867222,0
F4JWP9,1,0.79963076,1,0.012044629455736542,1,F4JWP9,0.8408119895865738,1.0,0.44687614,0
F4JXE3,1,0.7737028,1,0.012644731361932528,1,F4JXE3,0.8765683883106875,1.0,0.9797662,1
F4JY76,1,0.76511544,1,0.020435585701524626,1,F4JY76,0.3562586678068407,0.0,0.40822172,0
F4K128,1,0.64172995,1,0.013223260218214709,1,F4K128,0.4929431970847229,0.0,0.24834065,0
F4K455,0,0.77284044,1,0.004609375,0,F4K455,0.0602503586754405,0.0,0.004593736,0
F4K4Y5,1,0.6770847,1,0.0016884635972535206,0,F4K4Y5,0.9291582396891612,1.0,0.9014362,1
F4K5T4,1,0.6524384,1,0.008287217063659648,0,F4K5T4,0.716468281658543,1.0,0.36654645,0
O03986,1,0.7368627,1,0.007752747129048037,0,O03986,0.874868630101653,1.0,0.92935073,1
O04379,1,0.7233629,1,0.01573881184080182,1,O04379,0.8890628963641385,1.0,0.99170905,1
O04492,0,0.51396847,1,0.003354959244934809,0,O04492,0.5643797356987832,1.0,0.077258006,0
O04603,1,0.8081328,1,0.0,0,O04603,0.9074656557364912,1.0,0.11183729,0
O04658,1,0.591675,1,0.004586590821890323,0,O04658,0.8916832401111052,1.0,0.77080804,1
O22173,1,0.72306126,1,0.010092551181533575,1,O22173,0.8453590414191843,1.0,0.9995391,1
O22268,1,0.7822433,1,0.009646173229863012,0,O22268,0.7804293347692663,1.0,0.48400182,0
O22315,1,0.6918696,1,0.03135858140269473,1,O22315,0.9253319135035134,1.0,0.9695698,1
O22683,1,0.66886395,1,0.0057752267573696146,0,O22683,0.7520929157468392,1.0,0.38925576,0
O22703,1,0.5925212,1,0.04598658284856446,1,O22703,0.9245609082192716,1.0,0.8743564,1
O22714,1,0.5902714,1,0.010448770330303923,1,O22714,0.7145957163518335,1.0,0.8975727,1
O22791,1,0.67341167,1,0.015905303401627293,1,O22791,0.8625131350788255,1.0,0.99971896,1
O22812,1,0.5911454,1,0.005616837525669435,0,O22812,0.4825023134139325,0.0,0.38152006,0
O22892,1,0.5154375,1,0.00692553387522778,0,O22892,0.8607662824492552,1.0,0.07201344,0
O22899,1,0.72960645,1,0.013320387399542,1,O22899,0.7677093644431077,1.0,0.50164783,1
O22922,1,0.8377755,1,0.009549643281807373,0,O22922,0.8639672411606172,1.0,0.9535719,1
O22957,1,0.7824556,1,0.009695594308865992,0,O22957,0.8764215035681999,1.0,0.9954748,1
O22969,1,0.81777495,1,0.0029585798816568047,0,O22969,0.8952132775365753,1.0,0.9015465,1
O23049,1,0.80813515,1,0.0,0,O23049,0.8434814616417834,1.0,0.40985283,0
O23063,1,0.6254334,1,0.004354848448255041,0,O23063,0.8357616177333327,1.0,0.8051221,1
O23144,1,0.7313626,1,0.005991285403050109,0,O23144,0.955597656433902,1.0,0.921579,1
O23212,1,0.82311356,1,0.01900532697385854,1,O23212,0.9007909384564908,1.0,0.90656054,1
O23252,1,0.78905547,1,0.013019465821638751,1,O23252,0.5039070579557668,1.0,0.40744242,0
O23255,1,0.6149226,1,0.008200658943564672,0,O23255,0.7544751624718494,1.0,0.28262466,0
O23515,1,0.8133345,1,0.03724529027297194,1,O23515,0.834457051863807,1.0,0.7636929,1
O23523,1,0.807074,1,0.009077563975401706,0,O23523,0.898464376133302,1.0,0.91249496,1
O23593,1,0.74785656,1,0.010393518518518519,1,O23593,0.8892973900059395,1.0,0.9967368,1
O23676,1,0.37529898,0,0.017066666666666667,1,O23676,0.7665610953076514,1.0,0.95794314,1
O24456,1,0.6931226,1,0.012195007902439936,1,O24456,0.6233664760108039,1.0,0.9570769,1
O24646,1,0.68555725,1,0.00790107709750567,0,O24646,0.7474270830069569,1.0,0.061858572,0
O48549,1,0.58007306,1,0.01464,1,O48549,0.9540213660815277,1.0,0.9704813,1
O49006,1,0.67499334,1,0.010069507852447042,1,O49006,0.804458116854541,1.0,0.689082,1
O49160,1,0.83997357,1,0.011944444444444445,1,O49160,0.8385623785403045,1.0,0.8964467,1
O49289,1,0.6233249,1,0.014328629949931724,1,O49289,0.878405305495384,1.0,0.971676,1
O49453,1,0.65937054,1,0.005638856849929514,0,O49453,0.7034240219000555,1.0,0.6196821,1
O49595,1,0.720918,1,0.004103017295795985,0,O49595,0.9112997925004348,1.0,0.7194919,1
O49596,1,0.7959368,1,0.004147376543209877,0,O49596,0.9157557353412196,1.0,0.8821453,1
O49597,1,0.60021615,1,0.007296,0,O49597,0.923058511402687,1.0,0.822018,1
O50008,1,0.78818834,1,0.010337904224870777,1,O50008,0.8071895979482799,1.0,0.9082096,1
O64490,1,0.8560185,1,0.006058503873280148,0,O64490,0.8909404997753769,1.0,0.41049632,0
O64642,1,0.6259662,1,0.015845577149749185,1,O64642,0.7630011530437526,1.0,0.96653605,1
O64650,0,0.41104227,0,0.005810657596371882,0,O64650,0.4966371678882856,0.0,0.076158896,0
O65251,1,0.71577847,1,0.007880618178595531,0,O65251,0.9142043037501048,1.0,0.9800581,1
O65396,1,0.8081344,1,0.0,0,O65396,0.7861060633386401,1.0,0.24323063,0
O65581,1,0.80813515,1,0.0,0,O65581,0.6788730764579187,1.0,0.8667227,1
O65655,1,0.7133773,1,0.004809216125224301,0,O65655,0.8916448356689759,1.0,0.76715803,1
O65719,1,0.79647654,1,0.006006633412551253,0,O65719,0.9194688520526796,1.0,0.9843569,1
O80358,1,0.83594835,1,0.00727810650887574,0,O80358,0.9498753034354634,1.0,0.96092385,1
O80450,0,0.63912135,1,0.019300535194741442,1,O80450,0.5636119311454587,1.0,0.5288168,1
O80653,1,0.6432492,1,0.012023344128972853,1,O80653,0.9374917267653587,1.0,0.26446566,0
O80704,1,0.51767063,1,0.00953347802749189,0,O80704,0.6687267987023291,1.0,0.15939763,0
O80786,1,0.71247846,1,0.011675802084653823,1,O80786,0.926117237957566,1.0,0.82587415,1
O80897,1,0.62529206,1,0.017529226237797964,1,O80897,0.8619294723272343,1.0,0.19396678,0
O81047,1,0.84354246,1,0.006538973013878786,0,O81047,0.8512891189697402,1.0,0.83548033,1
O81098,1,0.80813515,1,0.0,0,O81098,0.8580092532717061,1.0,0.95385313,1
O81126,1,0.67262834,1,0.046025,1,O81126,0.7672333469331836,1.0,0.98495686,1
O81242,1,0.67931914,1,0.006062289228327713,0,O81242,0.7000774126508857,1.0,0.4411345,0
O81488,1,0.625496,1,0.01411764705882353,1,O81488,0.6293000017311998,1.0,0.15863499,0
O81821,1,0.6090195,1,0.007278668401329524,0,O81821,0.517488544576265,1.0,0.3726248,0
O82204,1,0.72328824,1,0.006259474790943322,0,O82204,0.9567165532021318,1.0,0.96294487,1
O82221,1,0.76184785,1,0.0040625,0,O82221,0.828019201179824,1.0,0.86821234,1
O82266,1,0.6468598,1,0.014065503737985048,1,O82266,0.8131660495332415,1.0,0.037397,0
O82299,1,0.6525385,1,0.01016191600607185,1,O82299,0.71423478526801,1.0,0.22443049,0
O82307,0,0.4570264,0,0.023149407911312675,1,O82307,0.1266130585908106,0.0,0.14807576,0
O82762,1,0.81164455,1,0.0061613723762217595,0,O82762,0.8429597957403218,1.0,0.99566853,1
P0DKL6,1,0.6859174,1,0.013032332833037952,1,P0DKL6,0.715630411831138,1.0,0.7928864,1
P10795,0,0.8081328,1,0.0,0,P10795,0.23720491853356,0.0,0.17862616,0
P10796,0,0.8081328,1,0.0,0,P10796,0.2095426501147475,0.0,0.22341537,0
P10798,0,0.8081328,1,0.0,0,P10798,0.2864313971182385,0.0,0.14003211,0
P10896,1,0.8081328,1,0.0,0,P10896,0.7951111097313857,1.0,0.50232655,1
P17094,1,0.56666076,1,0.021008320061326583,1,P17094,0.9506037965446954,1.0,0.8002163,1
P17745,1,0.8081328,1,0.0,0,P17745,0.830884211641262,1.0,0.5851065,1
P19366,1,0.8081328,1,0.0,0,P19366,0.8901353468647948,1.0,0.8358029,1
P21218,1,0.8081328,1,0.0,0,P21218,0.7757943740062205,1.0,0.5865523,1
P21240,1,0.5586984,1,0.0034626038781163434,0,P21240,0.9254998229591588,1.0,0.56668115,1
P22738,1,0.55811685,1,0.01938198553583169,1,P22738,0.9303500917307624,1.0,0.8492198,1
P22953,1,0.8002766,1,0.00613731444711079,0,P22953,0.9427491694576168,1.0,0.99750507,1
P23321,1,0.80813515,1,0.0,0,P23321,0.7699609030314948,1.0,0.06187908,0
P25071,1,0.5023113,1,0.01047858558146624,1,P25071,0.6870028615208545,1.0,0.9489665,1
P25696,1,0.7712416,1,0.00540236182128074,0,P25696,0.7988054264613074,1.0,0.73489815,1
P25856,1,0.80813515,1,0.0,0,P25856,0.7584159621997824,1.0,0.4484796,0
P25857,1,0.80813515,1,0.0,0,P25857,0.7303465802136315,1.0,0.06191034,0
P25858,1,0.80813515,1,0.0,0,P25858,0.8675993169254205,1.0,0.9426977,1
P26568,1,0.69125533,1,0.0020112952208428793,0,P26568,0.9358195552521889,1.0,0.95203227,1
P26569,1,0.69813406,1,0.001583276308551034,0,P26569,0.955426681005078,1.0,0.92888325,1
P27140,1,0.8081328,1,0.0,0,P27140,0.5357017628199576,1.0,0.015157446,0
P27521,0,0.8081328,1,0.0,0,P27521,0.1880863075762155,0.0,0.0016679444,0
P29197,1,0.8081328,1,0.0,0,P29197,0.9456292885891262,1.0,0.93102324,1
P30181,1,0.70263344,1,0.006703962548387712,0,P30181,0.9414262606970124,1.0,0.9005987,1
P31167,1,0.5586984,1,0.0034626038781163434,0,P31167,0.8074678879907022,1.0,0.0053539304,0
P31414,1,0.65890694,1,0.008441558441558441,0,P31414,0.3530589042456926,0.0,0.01876564,0
P32962,1,0.73000777,1,0.012669573011024966,1,P32962,0.5015269082644993,1.0,0.07600061,0
P34788,1,0.63534284,1,0.016707063711911357,1,P34788,0.9219951129929598,1.0,0.96680033,1
P34791,1,0.8081328,1,0.0,0,P34791,0.6888813220752545,1.0,0.0032778562,0
P35614,1,0.89912754,1,0.010173074382349056,1,P35614,0.8230262429084609,1.0,0.82685566,1
P36210,1,0.8081328,1,0.0,0,P36210,0.611870534841082,1.0,0.12629728,0
P36397,0,0.68898654,1,0.014407374622264277,1,P36397,0.3627631496553342,0.0,0.8063692,1
P36428,1,0.79880697,1,0.012085378957842325,1,P36428,0.9118316981693532,1.0,0.46351504,0
P38418,1,0.8081328,1,0.0,0,P38418,0.5229590224340307,1.0,0.17003997,0
P38420,1,0.722704,1,0.01729344511331043,1,P38420,0.8717952424405679,1.0,0.99122417,1
P38666,1,0.88693357,1,0.01667356693891377,1,P38666,0.9552942136949214,1.0,0.87135714,1
P40283,1,0.5975761,1,0.0028,0,P40283,0.8903009418794963,1.0,0.6385423,1
P41127,1,0.4586141,0,0.017815062682627957,1,P41127,0.9555275525107096,1.0,0.6633227,1
P41376,1,0.75720334,1,0.013644075784711095,1,P41376,0.7839001050732815,1.0,0.9850162,1
P41377,1,0.74623555,1,0.01404467904609294,1,P41377,0.7706522606752044,1.0,0.96870613,1
P41916,1,0.625142,1,0.016277307999426713,1,P41916,0.5780630741461319,1.0,0.34942374,0
P41917,1,0.6254283,1,0.016277307999426713,1,P41917,0.5343702835434978,1.0,0.15234646,0
P42731,1,0.736149,1,0.01001412897045554,1,P42731,0.8956315267634571,1.0,0.9990711,1
P42733,1,0.6129782,1,0.020212808037656738,1,P42733,0.8912912448272441,1.0,0.84767455,1
P42791,1,0.75159156,1,0.01650032886270697,1,P42791,0.9202338782296884,1.0,0.782014,1
P42795,1,0.8818114,1,0.01835527110252385,1,P42795,0.8283266016504475,1.0,0.99906284,1
P42825,1,0.74145794,1,0.009575019508888649,0,P42825,0.8769414545317992,1.0,0.73983204,1
P43299,1,0.66908896,1,0.013837739146718268,1,P43299,0.8424112137603887,1.0,0.8546885,1
P43333,1,0.7886254,1,0.005499911291753359,0,P43333,0.8511973445345897,1.0,0.41894913,0
P46010,1,0.71728575,1,0.012629890741421363,1,P46010,0.6964092047881609,1.0,0.2540241,0
P46286,1,0.64474875,1,0.02094225106664263,1,P46286,0.9354632955138064,1.0,0.6663153,1
P47998,1,0.71559006,1,0.004137571852937772,0,P47998,0.8123736909732528,1.0,0.20385942,0
P48001,0,0.451504,0,0.013240616643681733,1,P48001,0.5939640686384096,1.0,0.0821563,0
P49200,1,0.6489246,1,0.006308532778355879,0,P49200,0.902611827658536,1.0,0.7317027,1
P49205,1,0.8534566,1,0.011971228811427996,1,P49205,0.9133784564630312,1.0,0.8642416,1
P49209,1,0.6644924,1,0.010309278350515464,1,P49209,0.934042838205218,1.0,0.9244089,1
P49211,1,0.6740577,1,0.020295098648877834,1,P49211,0.9463219386457068,1.0,0.85440797,1
P49227,1,0.6927705,1,0.019039524950055738,1,P49227,0.9329877665584017,1.0,0.99121296,1
P49637,1,0.817363,1,0.02336273221992869,1,P49637,0.9560968893769348,1.0,0.9029145,1
P49688,1,0.66046476,1,0.015955678670360112,1,P49688,0.8728179323441514,1.0,0.123891994,0
P49690,1,0.84357285,1,0.0071938775510204086,0,P49690,0.9077807967863136,1.0,0.9986371,1
P49691,1,0.7308021,1,0.011180266708522237,1,P49691,0.9410624607696084,1.0,0.75225383,1
P49692,1,0.7802395,1,0.007812381716604339,0,P49692,0.8553929041896028,1.0,0.68588865,1
P49967,1,0.73394454,1,0.006652382409958167,0,P49967,0.8547680758965657,1.0,0.85143596,1
P50546,1,0.56316805,1,0.015053289986633994,1,P50546,0.7968012812007657,1.0,0.0187774,0
P50883,1,0.66266567,1,0.0026854405574103643,0,P50883,0.9100841683518364,1.0,0.92134655,1
P51407,1,0.6960565,1,0.0003780718336483932,0,P51407,0.8087164318667471,1.0,0.21580836,0
P51412,1,0.8081327,1,0.0,0,P51412,0.6179515073770209,1.0,0.10397719,0
P51413,1,0.6300392,1,0.015444897959183674,1,P51413,0.913866790620991,1.0,0.9201582,1
P51414,1,0.8588372,1,0.01688872208669544,1,P51414,0.9080750321535868,1.0,0.99741983,1
P51418,1,0.4233679,0,0.026006817321045324,1,P51418,0.7469480822140041,1.0,0.66513884,1
P51419,1,0.67906183,1,0.014375857338820302,1,P51419,0.9216248594682568,1.0,0.96239865,1
P51422,1,0.58940876,1,0.023050077104131157,1,P51422,0.8374287115496548,1.0,0.889198,1
P51427,1,0.58946824,1,0.011225466171905996,1,P51427,0.8523587283151386,1.0,0.9921892,1
P51430,1,0.5828309,1,0.015467492459799035,1,P51430,0.9572585501941924,1.0,0.9729928,1
P51818,1,0.7394741,1,0.007752747129048037,0,P51818,0.8859478819494044,1.0,0.8841671,1
P55737,1,0.74039817,1,0.007752747129048037,0,P55737,0.8955025476396161,1.0,0.87769413,1
P56771,1,0.7747227,1,0.007900390625,0,P56771,0.7631114935606876,1.0,0.0100133605,0
P57691,1,0.79927236,1,0.003814854930076968,0,P57691,0.7735598044465672,1.0,0.69291335,1
P59169,1,0.5684854,1,0.01805795847750865,1,P59169,0.8743584176785197,1.0,0.9663433,1
P59223,1,0.60941416,1,0.014648480329810096,1,P59223,0.9130068004065486,1.0,0.7937044,1
P59224,1,0.607845,1,0.014648480329810096,1,P59224,0.9114461367151524,1.0,0.7708925,1
P59226,1,0.58020246,1,0.016706314878892733,1,P59226,0.8892397797921184,1.0,0.97178584,1
P59230,1,0.8639807,1,0.005251200274348423,0,P59230,0.8629129969800158,1.0,0.83019507,1
P59231,1,0.87230915,1,0.005691350421542186,0,P59231,0.7902708282831943,1.0,0.5977669,1
P59233,1,0.78313047,1,0.010669804048845795,1,P59233,0.9397388148603558,1.0,0.76443183,1
P59259,1,0.49623027,0,0.022622301819210103,1,P59259,0.9067036445056746,1.0,0.7876946,1
P59271,1,0.76427615,1,0.00990302432610125,1,P59271,0.9286192732813752,1.0,0.9052324,1
P60039,1,0.7063148,1,0.014343282562666485,1,P60039,0.9237662340027956,1.0,0.6629909,1
P60040,1,0.6989792,1,0.014343282562666485,1,P60040,0.8928314367707553,1.0,0.5504458,1
P83484,1,0.80813515,1,0.0,0,P83484,0.863326467236365,1.0,0.091339454,0
P92948,1,0.84253603,1,0.00930179016643831,0,P92948,0.910292351874824,1.0,0.6336508,1
P92964,1,0.65775913,1,0.042197543617998164,1,P92964,0.9421099708201358,1.0,0.98324645,1
P92966,1,0.6426357,1,0.036879813154904684,1,P92966,0.9441879377734654,1.0,0.9985398,1
P93004,0,0.61729133,1,0.014081632653061225,1,P93004,0.154888415296406,0.0,0.026614442,0
P93008,1,0.7179699,1,0.019250347578305158,1,P93008,0.933564487420014,1.0,0.97136986,1
P93014,1,0.80813515,1,0.0,0,P93014,0.9026429270177664,1.0,0.011152798,0
P93655,1,0.80813515,1,0.0,0,P93655,0.8375654627995205,1.0,0.7469276,1
P93819,1,0.80813515,1,0.0,0,P93819,0.7814061840247539,1.0,0.41881752,0
P93831,1,0.7045682,1,0.011358105417377496,1,P93831,0.6399150988784121,1.0,0.44390088,0
Q01667,0,0.80813515,1,0.0,0,Q01667,0.3529614221368071,0.0,0.0023149878,0
Q03250,1,0.5586976,1,0.0034626038781163434,0,Q03250,0.8744721883202499,1.0,0.9769047,1
Q03251,1,0.5586976,1,0.0034626038781163434,0,Q03251,0.8904574541533884,1.0,0.86571467,1
Q04836,1,0.80813515,1,0.0,0,Q04836,0.5223785052404596,1.0,0.76628464,1
Q05153,1,0.79466194,1,0.010361452712093473,1,Q05153,0.9173869429813156,1.0,0.9517409,1
Q07473,0,0.8081328,1,0.0,0,Q07473,0.2870195924082205,0.0,0.0011620868,0
Q08682,1,0.6226211,1,0.010427458222602586,1,Q08682,0.760636271000207,1.0,0.87763464,1
Q0WNX3,1,0.7959722,1,0.013166657786776066,1,Q0WNX3,0.8630193809403892,1.0,0.9739836,1
Q0WPK4,1,0.6102163,1,0.013642384737830544,1,Q0WPK4,0.6023942593493066,1.0,0.2268743,0
Q0WRA3,1,0.65928566,1,0.008330939385234128,0,Q0WRA3,0.8480916853540559,1.0,0.5372423,1
Q0WUY5,1,0.6212995,1,0.009529451519268862,0,Q0WUY5,0.785948640911027,1.0,0.581161,1
Q0WV25,1,0.6678099,1,0.012795061728395061,1,Q0WV25,0.7089505239813622,1.0,0.9223279,1
Q0WVM5,1,0.6644831,1,0.014447934675854904,1,Q0WVM5,0.633437518484331,1.0,0.943246,1
Q0WW84,1,0.7744462,1,0.014839476813317478,1,Q0WW84,0.820775567162647,1.0,0.9954775,1
Q11207,1,0.7089027,1,0.010429579391229985,1,Q11207,0.8352015582515301,1.0,0.923444,1
Q1H595,1,0.83609426,1,0.018499248468030985,1,Q1H595,0.6574164536145988,1.0,0.7452837,1
Q1PDV2,1,0.67096895,1,0.05002154553289285,1,Q1PDV2,0.8484584617258879,1.0,0.7672986,1
Q1PEP5,1,0.7304261,1,0.0037256239863929434,0,Q1PEP5,0.8882335765623216,1.0,0.86374724,1
Q38884,1,0.7978646,1,0.015625,1,Q38884,0.7549467038521982,1.0,0.8943372,1
Q38942,1,0.7703772,1,0.01293913843071896,1,Q38942,0.4914437096486144,0.0,0.8572785,1
Q38953,1,0.7469073,1,0.015688772518296114,1,Q38953,0.8987711895962345,1.0,0.7381373,1
Q39061,1,0.8081328,1,0.0,0,Q39061,0.5893047925598153,1.0,0.095393255,0
Q39097,1,0.892078,1,0.01011594141907247,1,Q39097,0.8408148377855188,1.0,0.95348203,1
Q39102,1,0.8081328,1,0.0,0,Q39102,0.8382271374906616,1.0,0.6790174,1
Q39141,0,0.8081328,1,0.0,0,Q39141,0.2796145349054649,0.0,0.009261225,0
Q39189,1,0.7409203,1,0.007129515081922793,0,Q39189,0.9089923297977672,1.0,0.84523124,1
Q39211,1,0.8081328,1,0.0,0,Q39211,0.8887004400698747,1.0,0.90572226,1
Q39212,1,0.69758725,1,0.007497960908403023,0,Q39212,0.7939037639189916,1.0,0.9299876,1
Q39230,1,0.8081327,1,0.0,0,Q39230,0.8307299172544643,1.0,0.92518556,1
Q39244,1,0.8126572,1,0.008176,0,Q39244,0.8243901923027945,1.0,0.7875526,1
Q3EDH2,1,0.8081327,1,0.0,0,Q3EDH2,0.8501564124116535,1.0,0.45883226,0
Q3MK94,1,0.5970647,1,0.018784391649925757,1,Q3MK94,0.6243272946636584,1.0,0.97435886,1
Q41188,1,0.7554353,1,0.013346599043898177,1,Q41188,0.736679695290092,1.0,0.97182846,1
Q41963,0,0.6840234,1,0.010170444781202643,1,Q41963,0.1046114625495406,0.0,0.031750437,0
Q41969,1,0.70071226,1,0.01053965248384941,1,Q41969,0.7252810407372189,1.0,0.30609745,0
Q42029,1,0.8081327,1,0.0,0,Q42029,0.6510765531828349,1.0,0.030471291,0
Q42064,1,0.6413108,1,0.021723454119343788,1,Q42064,0.9066328649648628,1.0,0.88334024,1
Q42112,1,0.8008177,1,0.00388671875,0,Q42112,0.7695601742319899,1.0,0.6920643,1
Q42139,1,0.3048696,0,0.0007558578987150416,0,Q42139,0.4658461063753963,0.0,0.049608473,0
Q42202,1,0.5621393,1,0.0089111328125,0,Q42202,0.8306358189258702,1.0,0.99857223,1
Q42262,1,0.6173675,1,0.012280752869879378,1,Q42262,0.9022124582310732,1.0,0.9897131,1
Q42340,1,0.77522296,1,0.020829423906924376,1,Q42340,0.8715274658504268,1.0,0.23067895,0
Q42344,1,0.6713531,1,0.006773787019533711,0,Q42344,0.9166115576226996,1.0,0.7396523,1
Q42347,1,0.8860024,1,0.01643367043426532,1,Q42347,0.9369281335844292,1.0,0.9081214,1
Q42351,1,0.7964847,1,0.019444444444444445,1,Q42351,0.96348773019204,1.0,0.9851777,1
Q42403,1,0.69985926,1,0.006320022981901752,0,Q42403,0.6559152617511248,1.0,0.81215465,1
Q42404,1,0.7791087,1,0.031240230572207383,1,Q42404,0.9009404763510132,1.0,0.73463494,1
Q42525,1,0.6189957,1,0.008857147502601456,0,Q42525,0.6991529875758129,1.0,0.6274463,1
Q42556,1,0.80813515,1,0.0,0,Q42556,0.4261699483441274,0.0,0.046603043,0
Q42560,1,0.7317776,1,0.010491019389784773,1,Q42560,0.7804801777793349,1.0,0.58503455,1
Q42572,1,0.7375787,1,0.008854350264380709,0,Q42572,0.8723636461274604,1.0,0.76129115,1
Q43127,1,0.80813515,1,0.0,0,Q43127,0.4590318307313465,0.0,0.003773033,0
Q43349,1,0.8081328,1,0.0,0,Q43349,0.599749792883397,1.0,0.7882679,1
Q43386,1,0.6079972,1,0.007473087274125337,0,Q43386,0.9176892427166864,1.0,0.5885292,1
Q494N5,1,0.671538,1,0.05399065142416974,1,Q494N5,0.8416507175472784,1.0,0.89838254,1
Q4PSL7,1,0.6316373,1,0.019866863905325445,1,Q4PSL7,0.9073958219720168,1.0,0.84838617,1
Q4V3D1,1,0.5901456,1,0.008093583971478507,0,Q4V3D1,0.8931440251982996,1.0,0.4803276,0
Q56YA5,0,0.7672797,1,0.011535997910460756,1,Q56YA5,0.3300193522004442,0.0,0.79556024,1
Q56YN8,1,0.8531332,1,0.010691107162172604,1,Q56YN8,0.967249048327352,1.0,0.8198508,1
Q66GR6,0,0.8081328,1,0.0,0,Q66GR6,0.5973897210779746,1.0,0.024315141,0
Q683D4,1,0.733456,1,0.021676126071730466,1,Q683D4,0.8758612740489147,1.0,0.6061199,1
Q6GKU7,1,0.68941486,1,0.015941182015270054,1,Q6GKU7,0.8811376029259412,1.0,0.13372144,0
Q6ICX4,1,0.7147209,1,0.012404621056241426,1,Q6ICX4,0.6199246609554983,1.0,0.89321345,1
Q6ID97,0,0.6871805,1,0.014407374622264277,1,Q6ID97,0.3624462995047061,0.0,0.7197026,1
Q6NM52,1,0.5110912,1,0.011238525551202494,1,Q6NM52,0.707494578335893,1.0,0.5686382,1
Q6NM71,1,0.6664215,1,0.013974473496949235,1,Q6NM71,0.8760981312174836,1.0,0.8964616,1
Q6NQ72,1,0.7275879,1,0.01820505401234568,1,Q6NQ72,0.7197487342958097,1.0,0.49235997,0
Q7XJN0,1,0.69590706,1,0.01115721754417185,1,Q7XJN0,0.8562207780659457,1.0,0.72449905,1
Q84JB7,1,0.68850034,1,0.00247063011747953,0,Q84JB7,0.9528966534966984,1.0,0.87976295,1
Q84TG1,1,0.6122632,1,0.011490325644643827,1,Q84TG1,0.9013654635829036,1.0,0.94050753,1
Q84W89,1,0.78062963,1,0.01622704890825553,1,Q84W89,0.8847608767679234,1.0,0.9883558,1
Q8GSA7,1,0.58057874,1,0.013543356769424914,1,Q8GSA7,0.6187157529002818,1.0,0.19866456,0
Q8GUP3,1,0.66203433,1,0.0014603826911192199,0,Q8GUP3,0.8988332354371149,1.0,0.95317364,1
Q8GW31,0,0.6009784,1,0.0142313967612791,1,Q8GW31,0.4443040969128204,0.0,0.22316737,0
Q8GWA2,0,0.8081328,1,0.0,0,Q8GWA2,0.4280062106414049,0.0,0.0039622164,0
Q8GWJ4,0,0.8081328,1,0.0,0,Q8GWJ4,0.6123445347920573,1.0,0.02612414,0
Q8GXB7,1,0.6967236,1,0.021285376422596466,1,Q8GXB7,0.7045569357426713,1.0,0.7400632,1
Q8GY84,1,0.6853568,1,0.01114766081871345,1,Q8GY84,0.8829286494849833,1.0,0.9195322,1
Q8H0U8,1,0.75318974,1,0.012575429037126827,1,Q8H0U8,0.908678056251475,1.0,0.96845114,1
Q8H104,1,0.8081328,1,0.0,0,Q8H104,0.7092126358430664,1.0,0.4581732,0
Q8H136,1,0.7427281,1,0.015223365634811477,1,Q8H136,0.9011743153899364,1.0,0.98758566,1
Q8H1E7,1,0.7202021,1,0.015519352137846604,1,Q8H1E7,0.8226956046736615,1.0,0.710601,1
Q8H1F3,1,0.54883385,1,0.012354445174957995,1,Q8H1F3,0.7784660349573367,1.0,0.941358,1
Q8L3P4,1,0.59777504,1,0.00676850994585192,0,Q8L3P4,0.9359051568237589,1.0,0.54273844,1
Q8L3W1,1,0.47525698,0,0.024741789286297847,1,Q8L3W1,0.7029870540490515,1.0,0.97090006,1
Q8L3X8,1,0.6700809,1,0.04513140259891615,1,Q8L3X8,0.8251789364233899,1.0,0.9542117,1
Q8L4B2,1,0.7140859,1,0.00968872397443826,0,Q8L4B2,0.5460458229663123,1.0,0.3014901,0
Q8L601,1,0.75449395,1,0.008125735222037056,0,Q8L601,0.8408772979565411,1.0,0.69340897,1
Q8L641,1,0.61418045,1,0.0037670531443648823,0,Q8L641,0.7307152383173825,1.0,0.26528138,0
Q8L6Z4,1,0.80813414,1,0.0,0,Q8L6Z4,0.699137043625493,1.0,0.40364566,0
Q8L716,1,0.80546445,1,0.019946904338451695,1,Q8L716,0.8888671585108034,1.0,0.9339987,1
Q8L719,1,0.760695,1,0.016396134359166824,1,Q8L719,0.7941625751465011,1.0,0.9750072,1
Q8L7B5,1,0.80813414,1,0.0,0,Q8L7B5,0.9416119353648256,1.0,0.83103836,1
Q8L7M3,1,0.6475443,1,0.010591672753834916,1,Q8L7M3,0.9208024260262708,1.0,0.42452484,0
Q8L7N2,1,0.7190894,1,0.009615091114434846,0,Q8L7N2,0.7433151642810357,1.0,0.87168133,1
Q8L7T4,1,0.80813414,1,0.0,0,Q8L7T4,0.8465820698351199,1.0,0.8929318,1
Q8L7W3,1,0.5557031,1,0.02558491290518418,1,Q8L7W3,0.908698178015404,1.0,0.9735848,1
Q8L8C2,1,0.6715074,1,0.010042932586973316,1,Q8L8C2,0.9069688591796072,1.0,0.8670049,1
Q8LA13,1,0.78159696,1,0.016751035926353113,1,Q8LA13,0.8989405920814451,1.0,0.9895898,1
Q8LA16,1,0.6121086,1,0.01314877802973041,1,Q8LA16,0.6088395705691296,1.0,0.1661059,0
Q8LAA0,1,0.6383544,1,0.008185123966942149,0,Q8LAA0,0.8454992062539013,1.0,0.82710296,1
Q8LAK5,1,0.87765443,1,0.009426652892561983,0,Q8LAK5,0.7057016112182168,1.0,0.0481508,0
Q8LBI1,1,0.69546723,1,0.01838831800973499,1,Q8LBI1,0.94785314871226,1.0,0.9856146,1
Q8LCC7,1,0.85515434,1,0.002685546875,0,Q8LCC7,0.6309866120288534,1.0,0.16246545,0
Q8LCE1,1,0.656709,1,0.01331902537558389,1,Q8LCE1,0.7051615120337702,1.0,0.16836894,0
Q8LCG7,1,0.6987302,1,0.01522688820989369,1,Q8LCG7,0.6209090604893626,1.0,0.010688094,0
Q8LCL3,1,0.6784311,1,0.014266117969821674,1,Q8LCL3,0.9343666703947446,1.0,0.9357792,1
Q8LD03,1,0.7852249,1,0.014986149584487535,1,Q8LD03,0.9208574731278232,1.0,0.9923242,1
Q8LD46,1,0.6365195,1,0.0062405127340192275,0,Q8LD46,0.9540558144055592,1.0,0.9686019,1
Q8LE43,0,0.3814981,0,0.009572723765432098,0,Q8LE43,0.1424796043362783,0.0,0.13169882,0
Q8LFJ6,0,0.80813515,1,0.0,0,Q8LFJ6,0.1627292176237262,0.0,0.105249904,0
Q8LG05,1,0.5260214,1,0.005124973745011552,0,Q8LG05,0.8368475097152684,1.0,0.20909138,0
Q8LPF1,1,0.8081344,1,0.0,0,Q8LPF1,0.6446644215566654,1.0,0.5828726,1
Q8RUH0,1,0.6192563,1,0.009174311926605505,0,Q8RUH0,0.7831883194198479,1.0,0.92277163,1
Q8RVQ9,1,0.5097003,1,0.019126372932710516,1,Q8RVQ9,0.7156651611695508,1.0,0.029742947,0
Q8RWJ5,0,0.6544628,1,0.013806094182825485,1,Q8RWJ5,0.1061762435724038,0.0,0.040342443,0
Q8RWJ7,1,0.58671236,1,0.01332738803012287,1,Q8RWJ7,0.6850914217359085,1.0,0.11215756,0
Q8RWK8,1,0.5693832,1,0.006457215200831025,0,Q8RWK8,0.7693906019698642,1.0,0.13488837,0
Q8RWN5,1,0.6337691,1,0.03737773152965661,1,Q8RWN5,0.851799536110414,1.0,0.9850029,1
Q8RWQ1,1,0.72002995,1,0.017406158467549095,1,Q8RWQ1,0.925166720066693,1.0,0.9968666,1
Q8RWS4,1,0.47634408,0,0.012453331710088467,1,Q8RWS4,0.8428055886230905,1.0,0.5008581,1
Q8RWT4,1,0.6544222,1,0.008796632312382058,0,Q8RWT4,0.9107488277306084,1.0,0.9375067,1
Q8RWV0,1,0.8081328,1,0.0,0,Q8RWV0,0.6179078893844504,1.0,0.039528273,0
Q8RWY3,1,0.76256335,1,0.014031472394398531,1,Q8RWY3,0.8846749821412456,1.0,0.931616,1
Q8RXF1,1,0.8176445,1,0.007328492028074161,0,Q8RXF1,0.9097281472606328,1.0,0.91046554,1
Q8RXK2,1,0.56177783,1,0.0071019289512758285,0,Q8RXK2,0.9527101159255787,1.0,0.7862128,1
Q8RXK6,1,0.68404245,1,0.014794627977649251,1,Q8RXK6,0.8870330307660701,1.0,0.9214226,1
Q8RXN6,1,0.73087645,1,0.005135508555638219,0,Q8RXN6,0.8773429800514955,1.0,0.024577761,0
Q8RY25,0,0.72971004,1,0.009997406986004183,1,Q8RY25,0.7419502731741354,1.0,0.9894675,1
Q8RY73,1,0.69637257,1,0.017544333910034602,1,Q8RY73,0.7703648347055423,1.0,0.8219143,1
Q8RYC3,1,0.8081328,1,0.0,0,Q8RYC3,0.8513112427657156,1.0,0.92449665,1
Q8S8M9,1,0.61735886,1,0.0103607177734375,1,Q8S8M9,0.4953369600679682,0.0,0.0931242,0
Q8S8S8,1,0.6315189,1,0.004826446280991736,0,Q8S8S8,0.8084426175048014,1.0,0.57317257,1
Q8VXX4,1,0.8021227,1,0.011642567589134668,1,Q8VXX4,0.7132933575059438,1.0,0.8343469,1
Q8VY00,1,0.7365441,1,0.012942961788582083,1,Q8VY00,0.9070949484868878,1.0,0.8372738,1
Q8VY05,1,0.63379186,1,0.006017160967816743,0,Q8VY05,0.8660237305955267,1.0,0.18835811,0
Q8VY15,1,0.7189962,1,0.011252151383133652,1,Q8VY15,0.9256698496416232,1.0,0.9325498,1
Q8VY74,1,0.5631528,1,0.03470136803470137,1,Q8VY74,0.8151827485640057,1.0,0.27807355,0
Q8VYA5,1,0.6806673,1,0.0332461355529132,1,Q8VYA5,0.8080947901963338,1.0,0.9262106,1
Q8VYB9,1,0.59300625,1,0.013476473922902495,1,Q8VYB9,0.7157488625820114,1.0,0.61742926,1
Q8VYF1,1,0.8119469,1,0.03724529027297194,1,Q8VYF1,0.838117760542898,1.0,0.8394145,1
Q8VYF7,1,0.80813515,1,0.0,0,Q8VYF7,0.4860535117381958,0.0,0.0052850125,0
Q8VYK6,1,0.7646763,1,0.016782238797272885,1,Q8VYK6,0.901790447243612,1.0,0.97136986,1
Q8VYM4,1,0.5586976,1,0.0034626038781163434,0,Q8VYM4,0.7694966051315967,1.0,0.036576673,0
Q8VYR5,1,0.8081328,1,0.0,0,Q8VYR5,0.7078412735750736,1.0,0.9229994,1
Q8VZ19,1,0.69231087,1,0.007732780612244898,0,Q8VZ19,0.5610712517941809,1.0,0.948836,1
Q8VZB9,1,0.8749264,1,0.005251200274348423,0,Q8VZB9,0.8377150089352914,1.0,0.70740014,1
Q8VZG7,1,0.8044018,1,0.010418692551836356,1,Q8VZG7,0.9038080505473458,1.0,0.9082824,1
Q8VZT0,1,0.71198106,1,0.026933633957455152,1,Q8VZT0,0.9109620097044472,1.0,0.7348554,1
Q8VZT4,1,0.6052381,1,0.0096066821033913,0,Q8VZT4,0.7338007758192936,1.0,0.8039287,1
Q8W034,1,0.7137092,1,0.015374050591696711,1,Q8W034,0.8469167556426169,1.0,0.9998363,1
Q8W103,1,0.6693643,1,0.010372864237017086,1,Q8W103,0.6972053328081149,1.0,0.2767442,0
Q8W234,1,0.70239806,1,0.006642578813176983,0,Q8W234,0.659987760367193,1.0,0.9717282,1
Q8W493,1,0.5586984,1,0.0034626038781163434,0,Q8W493,0.807464313087852,1.0,0.68109024,1
Q8W4D8,1,0.63838,1,0.02982879630005274,1,Q8W4D8,0.9071694047384048,1.0,0.90085316,1
Q8W4E1,1,0.8081328,1,0.0,0,Q8W4E1,0.8338370272396121,1.0,0.034214705,0
Q8W4H7,1,0.7289432,1,0.008665631618890779,0,Q8W4H7,0.925227289955993,1.0,0.98151875,1
Q8W4R3,1,0.774327,1,0.015778127066745685,1,Q8W4R3,0.8965524131009338,1.0,0.9981043,1
Q93VA8,1,0.76737493,1,0.022253061224489796,1,Q93VA8,0.8977471622763809,1.0,0.9877122,1
Q93VB0,1,0.8081328,1,0.0,0,Q93VB0,0.7587239112545212,1.0,0.6736876,1
Q93VC7,1,0.8081328,1,0.0,0,Q93VC7,0.7818225126876415,1.0,0.2606377,0
Q93VG5,1,0.50001484,1,0.015420826231637043,1,Q93VG5,0.9165888712951984,1.0,0.6587613,1
Q93VH9,1,0.76096106,1,0.016911084687541288,1,Q93VH9,0.8972881246921709,1.0,0.9809427,1
Q93VI3,1,0.6296614,1,0.015269886363636364,1,Q93VI3,0.9398148138015424,1.0,0.9745283,1
Q93VI4,1,0.7026222,1,0.016844883463680647,1,Q93VI4,0.8275050181631536,1.0,0.3809064,0
Q93VP3,1,0.6853067,1,0.006447529765436494,0,Q93VP3,0.7922237594405649,1.0,0.5356761,1
Q93VT9,1,0.69339323,1,0.027768595041322314,1,Q93VT9,0.8851859418042778,1.0,0.67168283,1
Q93W22,1,0.702413,1,0.024446673901025777,1,Q93W22,0.8928758435615113,1.0,0.7320465,1
Q93W34,1,0.8363636,1,0.011183045434751052,1,Q93W34,0.7429084352653677,1.0,0.9895538,1
Q93XX8,1,0.3594599,0,0.0126953125,1,Q93XX8,0.6377249728644665,1.0,0.02418751,0
Q93Y39,1,0.76246613,1,0.010212875727711367,1,Q93Y39,0.898496512038268,1.0,0.75844616,1
Q93ZG7,1,0.82934225,1,0.006881666233090531,0,Q93ZG7,0.907200874043816,1.0,0.7067303,1
Q93ZV7,1,0.7425999,1,0.00898186026913579,0,Q93ZV7,0.9062061029432792,1.0,0.9922024,1
Q93ZX1,1,0.87663704,1,0.008832154262493366,0,Q93ZX1,0.7490106222647723,1.0,0.6691295,1
Q940B0,1,0.7483824,1,0.016443135348451484,1,Q940B0,0.914468775002284,1.0,0.8886798,1
Q940I0,1,0.5881162,1,0.0075653405700468555,0,Q940I0,0.681313165214479,1.0,0.91407,1
Q940X9,1,0.56193626,1,0.014105728473520979,1,Q940X9,0.8106082746547597,1.0,0.96988505,1
Q940Y3,1,0.64653283,1,0.006131473819836968,0,Q940Y3,0.8290213504621634,1.0,0.2869855,0
Q944A2,1,0.7486286,1,0.019299571680524062,1,Q944A2,0.8921314510051861,1.0,0.9462613,1
Q944G9,1,0.8081344,1,0.0,0,Q944G9,0.4040608342476818,0.0,0.06349338,0
Q94A28,1,0.8081344,1,0.0,0,Q94A28,0.7968255893732965,1.0,0.63884574,1
Q94A52,1,0.7451354,1,0.011558054594386774,1,Q94A52,0.8623448022472894,1.0,0.9953392,1
Q94AD1,1,0.5334463,1,0.0035154859380562477,0,Q94AD1,0.9461681853092752,1.0,0.81524146,1
Q94AH9,1,0.66001,1,0.014775390625,1,Q94AH9,0.938112068619162,1.0,0.93779933,1
Q94AW8,1,0.7340529,1,0.008577097505668934,0,Q94AW8,0.8254187939386239,1.0,0.5819968,1
Q94AW9,1,0.73741376,1,0.007747800485528831,0,Q94AW9,0.3561195548763175,0.0,0.43470508,0
Q94BV4,1,0.6616298,1,0.011733098025711663,1,Q94BV4,0.8736442230570979,1.0,0.9763544,1
Q94BZ7,1,0.80813515,1,0.0,0,Q94BZ7,0.8007592533664731,1.0,0.30075684,0
Q94C75,1,0.8491383,1,0.00983376923295338,1,Q94C75,0.8811843518654898,1.0,0.93257654,1
Q94EH8,1,0.7145955,1,0.01322608445848894,1,Q94EH8,0.7665015408474538,1.0,0.74865705,1
Q94F49,1,0.5682414,1,0.008133333333333333,0,Q94F49,0.8046119821919917,1.0,0.93560266,1
Q94F88,1,0.6190784,1,0.011988561216386497,1,Q94F88,0.8879711089453433,1.0,0.3113523,0
Q94JX9,1,0.78113204,1,0.002484656713882223,0,Q94JX9,0.8801956812342767,1.0,0.28788215,0
Q94KD0,1,0.66277367,1,0.016683138294288087,1,Q94KD0,0.8103616806545417,1.0,0.99762523,1
Q94KE3,1,0.86586237,1,0.007629739782305773,0,Q94KE3,0.8123871923433361,1.0,0.607834,1
Q96293,1,0.7461197,1,0.012284614681029206,1,Q96293,0.8044754614611539,1.0,0.99457055,1
Q96327,1,0.7973498,1,0.004763640149937526,0,Q96327,0.9203305064610924,1.0,0.7453774,1
Q9ASR0,1,0.6313729,1,0.014246913580246913,1,Q9ASR0,0.4221404827154329,0.0,0.7357206,1
Q9ASR1,1,0.68716925,1,0.010839387658323589,1,Q9ASR1,0.8780174567764202,1.0,0.9833046,1
Q9ASU7,1,0.76576185,1,0.008519218651543793,0,Q9ASU7,0.875422860785299,1.0,0.57488805,1
Q9C514,1,0.7758415,1,0.014829637345467503,1,Q9C514,0.957594957839457,1.0,0.9978056,1
Q9C551,1,0.7256442,1,0.007351691756048674,0,Q9C551,0.9092327831345436,1.0,0.86396563,1
Q9C552,1,0.6702552,1,0.01187988197718202,1,Q9C552,0.7335520163002799,1.0,0.59590477,1
Q9C587,1,0.7777376,1,0.006867001628122757,0,Q9C587,0.9290263966621272,1.0,0.9838414,1
Q9C5V6,1,0.7108466,1,0.011140565827578525,1,Q9C5V6,0.9257762212001104,1.0,0.6838534,1
Q9C5Z3,0,0.74728936,1,0.01644890760537019,1,Q9C5Z3,0.4617209459086094,0.0,0.17760032,0
Q9C658,1,0.6912406,1,0.008129732857246177,0,Q9C658,0.5777012048193491,1.0,0.82393616,1
Q9C681,1,0.57645625,1,0.006657483930211203,0,Q9C681,0.8502627994876625,1.0,0.9297439,1
Q9C6I8,1,0.7955876,1,0.01344835321527804,1,Q9C6I8,0.943903279663405,1.0,0.7157617,1
Q9C718,1,0.7659811,1,0.012748953191421547,1,Q9C718,0.9021107223496052,1.0,0.9911374,1
Q9C801,1,0.6459448,1,0.0061421262719964015,0,Q9C801,0.8869966034366211,1.0,0.3235566,0
Q9C8F7,1,0.6913903,1,0.008769132653061224,0,Q9C8F7,0.6497279580715896,1.0,0.96973103,1
Q9C8J1,1,0.7027312,1,0.010217097042898792,1,Q9C8J1,0.8874782717801935,1.0,0.9814838,1
Q9C901,1,0.7844395,1,0.006578449905482042,0,Q9C901,0.7885658580481882,1.0,0.6780324,1
Q9C923,1,0.8245305,1,0.009874131944444444,1,Q9C923,0.8987308457123468,1.0,0.8596032,1
Q9C928,1,0.6486238,1,0.014208984375,1,Q9C928,0.7819912171917922,1.0,0.36925992,0
Q9C944,1,0.58404434,1,0.007184228113165516,0,Q9C944,0.9129463183091436,1.0,0.82763225,1
Q9C977,1,0.80813515,1,0.0,0,Q9C977,0.8692282376964027,1.0,0.86643666,1
Q9C9C5,1,0.7872187,1,0.010665143951813442,1,Q9C9C5,0.9517138762586111,1.0,0.20595118,0
Q9C9C6,1,0.7882907,1,0.010665143951813442,1,Q9C9C6,0.9501281281108838,1.0,0.28556222,0
Q9C9W5,1,0.80813515,1,0.0,0,Q9C9W5,0.5321413186861336,1.0,0.13035163,0
Q9CAA4,1,0.62017596,1,0.007495786850839011,0,Q9CAA4,0.5059577000811971,1.0,0.27202195,0
Q9CAF6,1,0.80813515,1,0.0,0,Q9CAF6,0.7643821810564536,1.0,0.08768973,0
Q9CAI1,1,0.68388516,1,0.01288936627282492,1,Q9CAI1,0.8161192936719648,1.0,0.9885224,1
Q9CAI7,1,0.76195955,1,0.012339844570468389,1,Q9CAI7,0.7655453579821127,1.0,0.9764339,1
Q9CAM7,1,0.8413804,1,0.009216423630838045,0,Q9CAM7,0.8245380977258485,1.0,0.7813111,1
Q9CAN3,1,0.4673632,0,0.016594913202945278,1,Q9CAN3,0.5503049206660985,1.0,0.2762956,0
Q9CAQ8,1,0.7556343,1,0.009584242183885254,0,Q9CAQ8,0.7969112305927575,1.0,0.47503853,0
Q9CAT3,1,0.68693095,1,0.011566711884758463,1,Q9CAT3,0.6171156210201029,1.0,0.69851494,1
Q9CAV0,1,0.6079507,1,0.0141163102383311,1,Q9CAV0,0.9101338459839838,1.0,0.95704424,1
Q9CAX6,1,0.58999187,1,0.011866666666666666,1,Q9CAX6,0.9427961438110865,1.0,0.9214798,1
Q9CAX7,1,0.7621833,1,0.0041659990386156065,0,Q9CAX7,0.8270991053030955,1.0,0.8755727,1
Q9FE18,1,0.83201945,1,0.006397540170601072,0,Q9FE18,0.8365253387660576,1.0,0.90948087,1
Q9FE58,1,0.8174342,1,0.01040582726326743,1,Q9FE58,0.9070229025735804,1.0,0.9670696,1
Q9FE78,1,0.8691117,1,0.009718090859924283,0,Q9FE78,0.9391616326909842,1.0,0.83967525,1
Q9FEF8,1,0.666752,1,0.015369370888851408,1,Q9FEF8,0.9362581471722484,1.0,0.94997627,1
Q9FFC0,1,0.60063684,1,0.0035671819262782403,0,Q9FFC0,0.915089354338974,1.0,0.7017126,1
Q9FFJ2,1,0.84668833,1,0.006576707833498999,0,Q9FFJ2,0.8079622383874094,1.0,0.097116575,0
Q9FFQ1,1,0.80594504,1,0.014963250210667581,1,Q9FFQ1,0.8522975486193061,1.0,0.9301367,1
Q9FFT9,1,0.72853816,1,0.009532685979846958,0,Q9FFT9,0.8654612368624308,1.0,0.7884675,1
Q9FG01,1,0.72698426,1,0.016573759133282944,1,Q9FG01,0.7621279616425808,1.0,0.551376,1
Q9FG30,1,0.6455154,1,0.011857638888888888,1,Q9FG30,0.7129364749904017,1.0,0.74009883,1
Q9FG73,1,0.73459786,1,0.006366044323664227,0,Q9FG73,0.9560231813467666,1.0,0.8650606,1
Q9FGF4,1,0.6164216,1,0.007230733872877918,0,Q9FGF4,0.6834117008164979,1.0,0.31974408,0
Q9FGT1,1,0.5628028,1,0.005181374932082702,0,Q9FGT1,0.8023185238450966,1.0,0.16867709,0
Q9FH46,1,0.70554906,1,0.014460760876989276,1,Q9FH46,0.7248169211546691,1.0,0.23600678,0
Q9FHC2,1,0.577949,1,0.009551124972154155,0,Q9FHC2,0.664715218646309,1.0,0.25079054,0
Q9FHG2,1,0.6695798,1,0.01882525863531008,1,Q9FHG2,0.9478185474598112,1.0,0.96052563,1
Q9FHM5,1,0.55850405,1,0.008612391134705317,0,Q9FHM5,0.6814589653510712,1.0,0.9339123,1
Q9FHQ6,1,0.40208185,0,0.0074071216388256625,0,Q9FHQ6,0.7684816485633141,1.0,0.7017123,1
Q9FI15,1,0.8511514,1,0.009005518011036022,0,Q9FI15,0.7301483047464181,1.0,0.48949066,0
Q9FII7,1,0.6972329,1,0.011034245723200468,1,Q9FII7,0.8580817399626933,1.0,0.7938443,1
Q9FJ79,1,0.7027358,1,0.008438688102710345,0,Q9FJ79,0.9431702826833828,1.0,0.908965,1
Q9FJA6,1,0.5839783,1,0.011186264308012487,1,Q9FJA6,0.881468660758177,1.0,0.36449262,0
Q9FJE8,1,0.5602794,1,0.0057777777777777775,0,Q9FJE8,0.8617706703588599,1.0,0.9274521,1
Q9FJR0,1,0.71651673,1,0.011725158917301954,1,Q9FJR0,0.7147579890759506,1.0,0.99947536,1
Q9FJY5,1,0.6227893,1,0.006133092477128372,0,Q9FJY5,0.9035411963455589,1.0,0.19549939,0
Q9FKC0,1,0.6039497,1,0.017815062682627957,1,Q9FKC0,0.7983369114330485,1.0,0.76308626,1
Q9FKI4,1,0.8089271,1,0.019151475694444444,1,Q9FKI4,0.6565077499686482,1.0,0.053529777,0
Q9FKQ3,1,0.5728864,1,0.01728688991253041,1,Q9FKQ3,0.8698303219226868,1.0,0.9757527,1
Q9FKW2,0,0.43807536,0,0.02130737594808523,1,Q9FKW2,0.2853869234997995,0.0,0.009190883,0
Q9FKW6,1,0.5586976,1,0.0034626038781163434,0,Q9FKW6,0.6937245918100872,1.0,0.070741534,0
Q9FKZ4,1,0.80813515,1,0.0,0,Q9FKZ4,0.644821598375201,1.0,0.008934926,0
Q9FL33,1,0.69811577,1,0.011549779466468275,1,Q9FL33,0.9551623550157576,1.0,0.93727225,1
Q9FLB0,1,0.7075428,1,0.010780636373201686,1,Q9FLB0,0.9020721954277438,1.0,0.90114146,1
Q9FLD3,1,0.6198053,1,0.010557330398131493,1,Q9FLD3,0.9382845187625656,1.0,0.54644525,1
Q9FLT0,1,0.80675465,1,0.00968332087917751,0,Q9FLT0,0.9142105477815002,1.0,0.7940446,1
Q9FM47,1,0.6677344,1,0.01617401315605631,1,Q9FM47,0.8828811005291872,1.0,0.998057,1
Q9FM71,1,0.7311607,1,0.014733187859551676,1,Q9FM71,0.7872133906648966,1.0,0.99047804,1
Q9FME2,1,0.70869046,1,0.012920604914933837,1,Q9FME2,0.8718456398555985,1.0,0.95116633,1
Q9FMF9,1,0.71080744,1,0.010738585944393834,1,Q9FMF9,0.8319095668200913,1.0,0.9984727,1
Q9FMG4,1,0.6226258,1,0.04081299219030814,1,Q9FMG4,0.9177719900493784,1.0,0.98466194,1
Q9FMM3,1,0.8081328,1,0.0,0,Q9FMM3,0.8445756130362141,1.0,0.5556506,1
Q9FMU6,1,0.8081328,1,0.0,0,Q9FMU6,0.4171398925160515,0.0,0.01929301,0
Q9FPI0,1,0.8123106,1,0.00353318010660668,0,Q9FPI0,0.6669933790139131,1.0,0.05909925,0
Q9FPW4,1,0.5899283,1,0.01146696516673917,1,Q9FPW4,0.469229447037126,0.0,0.09736455,0
Q9FQ02,1,0.690734,1,0.015279101376368948,1,Q9FQ02,0.8473690220701755,1.0,0.22632661,0
Q9FQ03,1,0.73572195,1,0.02259900038446751,1,Q9FQ03,0.8895938077172417,1.0,0.9982438,1
Q9FQ04,1,0.73275757,1,0.01965970457477568,1,Q9FQ04,0.7788544807788524,1.0,0.987407,1
Q9FT93,1,0.65672463,1,0.008189376050653776,0,Q9FT93,0.907032271221981,1.0,0.81238174,1
Q9FVI6,1,0.5304346,1,0.008992851617948303,0,Q9FVI6,0.4511548248381791,0.0,0.38839728,0
Q9FVQ1,1,0.822151,1,0.005034665703999046,0,Q9FVQ1,0.9298214300850924,1.0,0.9683545,1
Q9FVV7,1,0.8081328,1,0.0,0,Q9FVV7,0.5176889702108479,1.0,0.096505314,0
Q9FVW4,1,0.68098354,1,0.013416607840774092,1,Q9FVW4,0.908010930674918,1.0,0.7945535,1
Q9FX54,1,0.8081328,1,0.0,0,Q9FX54,0.8713282859628304,1.0,0.9677739,1
Q9FXA2,1,0.72030205,1,0.008417714068687658,0,Q9FXA2,0.9133175930805258,1.0,0.997722,1
Q9FY50,1,0.8081328,1,0.0,0,Q9FY50,0.7951629918267635,1.0,0.031103272,0
Q9FY64,1,0.42527854,0,0.015495152354570637,1,Q9FY64,0.9339080622220756,1.0,0.77532136,1
Q9FYB7,1,0.69871086,1,0.029371652449910732,1,Q9FYB7,0.839896907182423,1.0,0.9584054,1
Q9FZ76,1,0.77142674,1,0.010038866068632689,1,Q9FZ76,0.9389109517497664,1.0,0.24238417,0
Q9LD28,1,0.57955897,1,0.006863905325443787,0,Q9LD28,0.7812108153509034,1.0,0.8840815,1
Q9LD57,1,0.8081328,1,0.0,0,Q9LD57,0.6755880318756924,1.0,0.30970818,0
Q9LD90,1,0.87691504,1,0.007035789803430182,0,Q9LD90,0.9504996480847534,1.0,0.94970435,1
Q9LDX1,1,0.5979068,1,0.01492736,1,Q9LDX1,0.8626954542673446,1.0,0.84773767,1
Q9LE16,1,0.6321366,1,0.01868480725623583,1,Q9LE16,0.773906631058709,1.0,0.7948085,1
Q9LEX1,1,0.7086121,1,0.005005767012687428,0,Q9LEX1,0.5989215129176302,1.0,0.51293695,1
Q9LEY9,1,0.7806195,1,0.002136752136752137,0,Q9LEY9,0.8193948002098828,1.0,0.83252037,1
Q9LF02,1,0.633583,1,0.008078378087399437,0,Q9LF02,0.8344087386887885,1.0,0.741218,1
Q9LF30,1,0.6614791,1,0.0189251308132427,1,Q9LF30,0.8061017202666165,1.0,0.66739905,1
Q9LF51,1,0.54126877,1,0.008210868016539244,0,Q9LF51,0.4041020959441619,0.0,0.22574441,0
Q9LF98,1,0.8081328,1,0.0,0,Q9LF98,0.7712711227839804,1.0,0.9789999,1
Q9LFA3,1,0.8081328,1,0.0,0,Q9LFA3,0.8592990508840421,1.0,0.7496792,1
Q9LFE2,1,0.6679439,1,0.010664915243635454,1,Q9LFE2,0.7425383885730665,1.0,0.084525354,0
Q9LFF6,1,0.59640455,1,0.003885738290275152,0,Q9LFF6,0.8736370395391515,1.0,0.52767766,1
Q9LFN6,1,0.6458537,1,0.011265349999177311,1,Q9LFN6,0.822346295145763,1.0,0.8064292,1
Q9LFU5,1,0.3353863,0,0.0,0,Q9LFU5,0.7989960909570759,1.0,0.18559562,0
Q9LFX8,1,0.7039071,1,0.010532879818594104,1,Q9LFX8,0.7800186166819285,1.0,0.62844527,1
Q9LHG0,1,0.80813515,1,0.0,0,Q9LHG0,0.8981289907533254,1.0,0.6541051,1
Q9LHL2,1,0.67730767,1,0.02189382353859118,1,Q9LHL2,0.9139815759780096,1.0,0.9997778,1
Q9LHQ5,1,0.5991318,1,0.006657483930211203,0,Q9LHQ5,0.7673733808099487,1.0,0.86217386,1
Q9LHS5,1,0.67949945,1,0.010271424963998826,1,Q9LHS5,0.9242658517743844,1.0,0.50109017,1
Q9LIE1,1,0.618445,1,0.013275291346713382,1,Q9LIE1,0.6443299407666826,1.0,0.55108684,1
Q9LIH5,1,0.55537885,1,0.013440530793739715,1,Q9LIH5,0.8952215933682514,1.0,0.57394254,1
Q9LIH9,1,0.7028587,1,0.008954696488791906,0,Q9LIH9,0.9251153393304472,1.0,0.9416758,1
Q9LII1,1,0.8081344,1,0.0,0,Q9LII1,0.5440042254737919,1.0,0.049684376,0
Q9LIN3,1,0.64643586,1,0.03188671386922116,1,Q9LIN3,0.894272400116187,1.0,0.97652847,1
Q9LIS2,1,0.8081344,1,0.0,0,Q9LIS2,0.5723889495793194,1.0,0.55299646,1
Q9LJE4,1,0.8081344,1,0.0,0,Q9LJE4,0.9126737539744042,1.0,0.4372158,0
Q9LJG8,1,0.63127345,1,0.00914144785451136,0,Q9LJG8,0.8302938546817132,1.0,0.94342935,1
Q9LJH8,1,0.7520236,1,0.012971057813074168,1,Q9LJH8,0.6128779241198486,1.0,0.36053947,0
Q9LJX4,1,0.6465769,1,0.013534072316709637,1,Q9LJX4,0.690116793462942,1.0,0.9698529,1
Q9LK36,1,0.6163032,1,0.007941332766500159,0,Q9LK36,0.7700799039650792,1.0,0.6290766,1
Q9LKA4,1,0.6486148,1,0.010685226938535438,1,Q9LKA4,0.9245660730527416,1.0,0.96975356,1
Q9LKA5,1,0.8081333,1,0.0,0,Q9LKA5,0.6061179330803783,1.0,0.9596384,1
Q9LM92,1,0.84018046,1,0.01433482897267059,1,Q9LM92,0.6803246066529713,1.0,0.21053457,0
Q9LMI1,1,0.575765,1,0.006541013082026164,0,Q9LMI1,0.6929385629405739,1.0,0.33650643,0
Q9LML3,1,0.8081333,1,0.0,0,Q9LML3,0.7620925574031594,1.0,0.9593791,1
Q9LMQ2,0,0.80813515,1,0.0,0,Q9LMQ2,0.2202375599680928,0.0,0.0017188296,0
Q9LNC4,1,0.6336262,1,0.005751965041686834,0,Q9LNC4,0.9289373386206314,1.0,0.9743204,1
Q9LNC5,1,0.8225811,1,0.011861391606589822,1,Q9LNC5,0.8358550517953942,1.0,0.32449782,0
Q9LP53,1,0.8453655,1,0.0029585798816568047,0,Q9LP53,0.8840594514015796,1.0,0.9223755,1
Q9LPD7,0,0.61576843,1,0.013265428760290849,1,Q9LPD7,0.0931606716467511,0.0,0.0061649308,0
Q9LPD9,1,0.65949786,1,0.010875520490905106,1,Q9LPD9,0.9102385816867054,1.0,0.73896235,1
Q9LPV8,1,0.8944237,1,0.01122342797680987,1,Q9LPV8,0.8545811708926869,1.0,0.993631,1
Q9LPW0,1,0.80813515,1,0.0,0,Q9LPW0,0.7720547629799064,1.0,0.52131355,1
Q9LQI9,1,0.7601797,1,0.013089467478540222,1,Q9LQI9,0.5064931643965556,1.0,0.42366347,0
Q9LQZ4,1,0.80813515,1,0.0,0,Q9LQZ4,0.8372814287969158,1.0,0.4725915,0
Q9LR30,1,0.7444359,1,0.011229204576397924,1,Q9LR30,0.6597723537583093,1.0,0.49807024,0
Q9LR33,1,0.8076865,1,0.02045411897166448,1,Q9LR33,0.9541999581149112,1.0,0.6942959,1
Q9LRN8,1,0.80813515,1,0.0,0,Q9LRN8,0.7754072163110977,1.0,0.0020467672,0
Q9LRR9,1,0.7080641,1,0.011656482712025481,1,Q9LRR9,0.7229094713508628,1.0,0.73371184,1
Q9LRS0,1,0.70041776,1,0.011656482712025481,1,Q9LRS0,0.7497497544551484,1.0,0.7206248,1
Q9LRX8,1,0.60000676,1,0.016943161466679235,1,Q9LRX8,0.8174198961097068,1.0,0.70322067,1
Q9LRZ3,1,0.6629612,1,0.0074255076287294865,0,Q9LRZ3,0.8884946322235727,1.0,0.5719268,1
Q9LS40,0,0.6534277,1,0.007712,0,Q9LS40,0.387493440195632,0.0,0.112138234,0
Q9LSA3,1,0.69863534,1,0.007732780612244898,0,Q9LSA3,0.6054604404297128,1.0,0.9669768,1
Q9LSK7,1,0.8081328,1,0.0,0,Q9LSK7,0.915242751787938,1.0,0.50301564,1
Q9LTT8,1,0.69530195,1,0.006577403096655329,0,Q9LTT8,0.7416266232799626,1.0,0.9699367,1
Q9LTU6,1,0.6143445,1,0.009929691725256895,1,Q9LTU6,0.8639184116512805,1.0,0.91810876,1
Q9LTV0,1,0.6290145,1,0.00980718952935932,1,Q9LTV0,0.9198132053468336,1.0,0.70268905,1
Q9LTX1,1,0.6066844,1,0.012331030202353026,1,Q9LTX1,0.8803902566601767,1.0,0.8992904,1
Q9LU86,1,0.8081328,1,0.0,0,Q9LU86,0.6122591313706605,1.0,0.6408443,1
Q9LU97,1,0.62587667,1,0.0115104865475602,1,Q9LU97,0.6678972576369451,1.0,0.057279736,0
Q9LUD4,1,0.39146742,0,0.027300845852796365,1,Q9LUD4,0.7211788657335054,1.0,0.7507063,1
Q9LUG5,1,0.72312564,1,0.0111972088117165,1,Q9LUG5,0.9021872332328442,1.0,0.679214,1
Q9LUJ5,1,0.77691686,1,0.010798029097601603,1,Q9LUJ5,0.9014473083932856,1.0,0.9418815,1
Q9LUK6,1,0.76183087,1,0.008972075808462914,0,Q9LUK6,0.9408033497816148,1.0,0.95880735,1
Q9LUT2,1,0.63520724,1,0.008779597148573315,0,Q9LUT2,0.8942734948125186,1.0,0.71164525,1
Q9LUW5,1,0.8081328,1,0.0,0,Q9LUW5,0.8981796375361482,1.0,0.9996759,1
Q9LVF2,1,0.72010547,1,0.01090101696773663,1,Q9LVF2,0.7767356057757208,1.0,0.2068613,0
Q9LVK6,1,0.6684361,1,0.012177269097684323,1,Q9LVK6,0.9281352941668912,1.0,0.78031504,1
Q9LVN7,1,0.79509443,1,0.012205750505619149,1,Q9LVN7,0.8272726337747274,1.0,0.63454837,1
Q9LVT8,1,0.7759661,1,0.00902321712998925,0,Q9LVT8,0.875739121598808,1.0,0.9549969,1
Q9LX74,1,0.6968105,1,0.006442464242572784,0,Q9LX74,0.524884283778212,1.0,0.77181476,1
Q9LXG1,1,0.5838347,1,0.02665544332210999,1,Q9LXG1,0.8279553343857067,1.0,0.9576398,1
Q9LXT5,1,0.6224901,1,0.004429005208228599,0,Q9LXT5,0.8923123973989256,1.0,0.54416597,1
Q9LY66,1,0.8081328,1,0.0,0,Q9LY66,0.8397394871806458,1.0,0.5347859,1
Q9LYA9,1,0.80813515,1,0.0,0,Q9LYA9,0.6732076826547766,1.0,0.28655753,0
Q9LYJ9,1,0.73251575,1,0.012020912204795385,1,Q9LYJ9,0.9258197531144046,1.0,0.99635553,1
Q9LYK7,1,0.67859817,1,0.015834530307382935,1,Q9LYK7,0.861832645223175,1.0,0.3756129,0
Q9LZ03,1,0.7765243,1,0.006888646348085055,0,Q9LZ03,0.7374122227565255,1.0,0.047238506,0
Q9LZ08,1,0.5935258,1,0.004279849768538737,0,Q9LZ08,0.935803201946976,1.0,0.48699102,0
Q9LZ45,1,0.60044086,1,0.004247015610651974,0,Q9LZ45,0.9064792606665142,1.0,0.5274309,1
Q9LZ65,1,0.6752236,1,0.011626491356221087,1,Q9LZ65,0.8682909048191361,1.0,0.2286853,0
Q9LZ82,1,0.7345848,1,0.008625177352019517,0,Q9LZ82,0.8052865768382081,1.0,0.90492374,1
Q9LZH9,1,0.7790238,1,0.00787353515625,0,Q9LZH9,0.85987577481685,1.0,0.71537566,1
Q9LZQ9,1,0.7287771,1,0.013428803436316585,1,Q9LZQ9,0.816756369675707,1.0,0.8601152,1
Q9LZR5,1,0.6728022,1,0.003956684714702207,0,Q9LZR5,0.75731284046974,1.0,0.8817848,1
Q9LZT0,1,0.5999198,1,0.002996432818073722,0,Q9LZT0,0.9103749878427856,1.0,0.5469235,1
Q9M084,1,0.80813515,1,0.0,0,Q9M084,0.8127534085034347,1.0,0.23476131,0
Q9M0I7,1,0.64310175,1,0.014903406492912667,1,Q9M0I7,0.7102527094029767,1.0,0.6931138,1
Q9M0V4,1,0.6692637,1,0.016998929201310152,1,Q9M0V4,0.9082745820374136,1.0,0.9331604,1
Q9M125,1,0.7943066,1,0.020059669015461246,1,Q9M125,0.9225433763093044,1.0,0.79253733,1
Q9M1J8,1,0.6377765,1,0.010956713661546777,1,Q9M1J8,0.8689347793201534,1.0,0.7335417,1
Q9M1Q0,1,0.75346035,1,0.01547447159601058,1,Q9M1Q0,0.6503515521434178,1.0,0.97508633,1
Q9M1S4,1,0.54673,1,0.0040158529741863075,0,Q9M1S4,0.803850577242191,1.0,0.056830186,0
Q9M2B4,1,0.6146386,1,0.01088,1,Q9M2B4,0.6086229318205887,1.0,0.1666647,0
Q9M2E0,1,0.6695975,1,0.013173174626215707,1,Q9M2E0,0.8943559604120412,1.0,0.99615747,1
Q9M2F9,1,0.7636595,1,0.016970353401259478,1,Q9M2F9,0.8823232058965,1.0,0.9966156,1
Q9M2N5,1,0.5752974,1,0.01115776522658211,1,Q9M2N5,0.5987898387089872,1.0,0.61477053,1
Q9M2Q4,1,0.7221083,1,0.01150944753137822,1,Q9M2Q4,0.6985447420273414,1.0,0.3997241,0
Q9M2S3,1,0.6299932,1,0.006337148803329864,0,Q9M2S3,0.6715886225687213,1.0,0.22407071,0
Q9M328,1,0.6563292,1,0.007265625,0,Q9M328,0.4248236791601372,0.0,0.5364113,1
Q9M339,1,0.5860197,1,0.010499830647892776,1,Q9M339,0.878135727886483,1.0,0.2253313,0
Q9M3A8,1,0.80813515,1,0.0,0,Q9M3A8,0.8728278465146742,1.0,0.24814165,0
Q9M3B8,1,0.6243329,1,0.007915063873246747,0,Q9M3B8,0.8440167882709282,1.0,0.5276488,1
Q9M591,0,0.80813515,1,0.0,0,Q9M591,0.453603087661013,0.0,0.42635074,0
Q9M7Q7,1,0.8004327,1,0.006057626971620235,0,Q9M7Q7,0.6593702984480887,1.0,0.63307005,1
Q9M837,1,0.58578354,1,0.012028321532694711,1,Q9M837,0.8506136278402832,1.0,0.18765774,0
Q9M885,1,0.7800581,1,0.015761629341300952,1,Q9M885,0.9229819749982588,1.0,0.9934109,1
Q9M8X9,1,0.77589023,1,0.019468943516607242,1,Q9M8X9,0.9187667059580672,1.0,0.6055588,1
Q9M8Z5,1,0.7632385,1,0.00646248863381396,0,Q9M8Z5,0.9240500051634954,1.0,0.59692585,1
Q9M9S3,0,0.80813515,1,0.0,0,Q9M9S3,0.5409252313227628,1.0,0.04785441,0
Q9M9W1,1,0.824571,1,0.01040582726326743,1,Q9M9W1,0.9071150500684758,1.0,0.99111766,1
Q9MA75,1,0.62308323,1,0.010259629690147144,1,Q9MA75,0.6661822486942618,1.0,0.7741258,1
Q9MAB3,1,0.6041945,1,0.004952673281964455,0,Q9MAB3,0.8022541777071087,1.0,0.822543,1
Q9MAC6,1,0.7264289,1,0.007608646475296487,0,Q9MAC6,0.8737522385443343,1.0,0.809435,1
Q9MAP3,1,0.8081328,1,0.0,0,Q9MAP3,0.6174511818236706,1.0,0.12938139,0
Q9MAR2,1,0.6455093,1,0.009525200876552228,0,Q9MAR2,0.6335908516325472,1.0,0.10846329,0
Q9S709,1,0.6807611,1,0.0370822680788897,1,Q9S709,0.7082769629300492,1.0,0.83759654,1
Q9S775,1,0.7200379,1,0.012177779077149254,1,Q9S775,0.7175685806928416,1.0,0.5256762,1
Q9S791,1,0.71608543,1,0.007764041924213921,0,Q9S791,0.6166452629945174,1.0,0.40326986,0
Q9S7E6,0,0.79017925,1,0.012451171875,1,Q9S7E6,0.6857142129170334,1.0,0.35919195,0
Q9S7J7,0,0.8081328,1,0.0,0,Q9S7J7,0.2400574596255627,0.0,0.0048522516,0
Q9S814,0,0.5947446,1,0.010673444670324814,1,Q9S814,0.1604178778590237,0.0,0.12673412,0
Q9S826,1,0.72272795,1,0.018071174047850434,1,Q9S826,0.8951546517011629,1.0,0.87763774,1
Q9S841,1,0.80813515,1,0.0,0,Q9S841,0.76381486134412,1.0,0.07206722,0
Q9S9K7,1,0.59076166,1,0.006546320174568538,0,Q9S9K7,0.8046854938639298,1.0,0.9196125,1
Q9S9P3,1,0.5674845,1,0.007794385455124442,0,Q9S9P3,0.8251650853953658,1.0,0.8166749,1
Q9SA27,1,0.6171969,1,0.008266931031479047,0,Q9SA27,0.8506751592705313,1.0,0.67027235,1
Q9SAB3,1,0.83721375,1,0.013680841335162322,1,Q9SAB3,0.8282136035315,1.0,0.9729084,1
Q9SAG7,1,0.7561508,1,0.01758395061728395,1,Q9SAG7,0.8997727717968633,1.0,0.9602768,1
Q9SAI5,1,0.6231721,1,0.009506794079562031,0,Q9SAI5,0.9043283356989338,1.0,0.862168,1
Q9SB42,1,0.5762365,1,0.0025549385633270322,0,Q9SB42,0.7894228458266446,1.0,0.4621486,0
Q9SB63,1,0.8081328,1,0.0,0,Q9SB63,0.8898388352845422,1.0,0.7052326,1
Q9SB89,1,0.7101901,1,0.009456211675389143,0,Q9SB89,0.9534721282465222,1.0,0.9739014,1
Q9SCM3,1,0.6588761,1,0.013875761394664987,1,Q9SCM3,0.8394310004196268,1.0,0.08095599,0
Q9SCP4,1,0.6181735,1,0.009659224559454279,0,Q9SCP4,0.6503157568948963,1.0,0.13628659,0
Q9SD61,1,0.5310066,1,0.027077414772727272,1,Q9SD61,0.92278707630486,1.0,0.9745876,1
Q9SDW0,0,0.5794292,1,0.019409751842728293,1,Q9SDW0,0.7560782392236118,1.0,0.39256474,0
Q9SEE9,1,0.72792435,1,0.02844290415178884,1,Q9SEE9,0.8076727014582592,1.0,0.97009504,1
Q9SF35,1,0.82611233,1,0.01120809363221583,1,Q9SF35,0.9524630947206224,1.0,0.6820274,1
Q9SF40,1,0.74226284,1,0.010865344948918925,1,Q9SF40,0.9476548059823068,1.0,0.8415823,1
Q9SF53,1,0.69146585,1,0.009518143961927425,0,Q9SF53,0.8985607605670622,1.0,0.97087544,1
Q9SF55,1,0.58356297,1,0.005479969765684051,0,Q9SF55,0.8601120640814425,1.0,0.46061316,0
Q9SFU1,1,0.6054945,1,0.016943161466679235,1,Q9SFU1,0.8271760901240901,1.0,0.6269196,1
Q9SGA6,1,0.6630332,1,0.01755587070272385,1,Q9SGA6,0.876472205498237,1.0,0.8613663,1
Q9SGE9,1,0.80813414,1,0.0,0,Q9SGE9,0.8295692578315867,1.0,0.42016178,0
Q9SGT7,1,0.644591,1,0.008701428340746612,0,Q9SGT7,0.9426452750998616,1.0,0.9325061,1
Q9SHE7,1,0.59855103,1,0.004766600920447075,0,Q9SHE7,0.8082688099804659,1.0,0.8273405,1
Q9SHE8,1,0.80813515,1,0.0,0,Q9SHE8,0.2850082489787048,0.0,0.0054963278,0
Q9SHL7,1,0.8207069,1,0.01414722070008926,1,Q9SHL7,0.8855019193210685,1.0,0.6468901,1
Q9SI75,1,0.5586976,1,0.0034626038781163434,0,Q9SI75,0.9176388210935712,1.0,0.16683093,0
Q9SIB5,1,0.6422306,1,0.006281646323074237,0,Q9SIB5,0.7746522966410039,1.0,0.34393477,0
Q9SIB9,1,0.80813515,1,0.0,0,Q9SIB9,0.7819752055095918,1.0,0.6941517,1
Q9SIH0,1,0.5877134,1,0.011866666666666666,1,Q9SIH0,0.9389002888710584,1.0,0.9029563,1
Q9SII0,1,0.5747486,1,0.006974480968858132,0,Q9SII0,0.9105732038005814,1.0,0.83305895,1
Q9SIK2,1,0.8442829,1,0.0063443072702331965,0,Q9SIK2,0.8996785762703048,1.0,0.7924263,1
Q9SIM4,1,0.8647222,1,0.011249721541546001,1,Q9SIM4,0.9094908629843962,1.0,0.83584356,1
Q9SIP7,1,0.5906131,1,0.010416,1,Q9SIP7,0.8756402150568812,1.0,0.42279214,0
Q9SIU2,1,0.714729,1,0.012305591402634389,1,Q9SIU2,0.454133447605879,0.0,0.94508934,1
Q9SIZ2,1,0.8914451,1,0.007428001622498648,0,Q9SIZ2,0.9301564267511786,1.0,0.8267523,1
Q9SJ36,1,0.8548345,1,0.012091836734693877,1,Q9SJ36,0.9162565917030544,1.0,0.837155,1
Q9SJA6,1,0.67106867,1,0.0448771345272803,1,Q9SJA6,0.7403224983272647,1.0,0.97245014,1
Q9SJB9,1,0.8624267,1,0.009750297265160524,1,Q9SJB9,0.9109660649786866,1.0,0.8370904,1
Q9SJF3,1,0.76881266,1,0.008916838049135416,0,Q9SJF3,0.5919951019676162,1.0,0.71711385,1
Q9SJI8,1,0.84470856,1,0.0037195000991866694,0,Q9SJI8,0.8993208821376807,1.0,0.9367589,1
Q9SJK3,1,0.68188375,1,0.01368398072854471,1,Q9SJK3,0.8903084843092202,1.0,0.9744867,1
Q9SJL4,1,0.53797376,1,0.014666870727476787,1,Q9SJL4,0.7943696338777269,1.0,0.1683962,0
Q9SJT4,1,0.7053451,1,0.00840151529459478,0,Q9SJT4,0.9474678694341044,1.0,0.90039283,1
Q9SK22,1,0.7749598,1,0.020829423906924376,1,Q9SK22,0.8693385846311545,1.0,0.26508072,0
Q9SK74,1,0.73248553,1,0.00524553003828801,0,Q9SK74,0.873417222831943,1.0,0.2694263,0
Q9SKI4,1,0.7478817,1,0.0117236328125,1,Q9SKI4,0.8567076189631644,1.0,0.82340556,1
Q9SKX4,1,0.80813515,1,0.0,0,Q9SKX4,0.8671734745067957,1.0,0.27180997,0
Q9SKZ1,1,0.7558639,1,0.014141252739225712,1,Q9SKZ1,0.7189342683567034,1.0,0.65823567,1
Q9SL49,1,0.6899773,1,0.01613311080766702,1,Q9SL49,0.7625387951567008,1.0,0.4520772,0
Q9SL96,1,0.71024585,1,0.0024524346347059058,0,Q9SL96,0.8591508511577024,1.0,0.57040346,1
Q9SLB9,0,0.58388376,1,0.012780246913580246,1,Q9SLB9,0.3690919285991825,0.0,0.2298295,0
Q9SLF7,1,0.6991363,1,0.0003780718336483932,0,Q9SLF7,0.8243644559997749,1.0,0.18899842,0
Q9SMM8,1,0.6855621,1,0.0037667959745881826,0,Q9SMM8,0.9378251982634184,1.0,0.7520467,1
Q9SMW7,1,0.5323393,1,0.0023875114784205694,0,Q9SMW7,0.8836137479160944,1.0,0.5054144,1
Q9SNB8,1,0.52106917,1,0.016161158495861885,1,Q9SNB8,0.6856368745801811,1.0,0.72057545,1
Q9SP08,1,0.81071436,1,0.008281537852309706,0,Q9SP08,0.7063618155043092,1.0,0.7118999,1
Q9SQY0,1,0.4957205,0,0.011312628748137914,1,Q9SQY0,0.7496276894985803,1.0,0.14833848,0
Q9SR13,1,0.64119333,1,0.008251008473278086,0,Q9SR13,0.861860801073697,1.0,0.9301672,1
Q9SR73,1,0.460757,0,0.017333984375,1,Q9SR73,0.750037627121034,1.0,0.9245598,1
Q9SRM4,1,0.8081328,1,0.0,0,Q9SRM4,0.5360000807787391,1.0,0.1061393,0
Q9SRV5,1,0.77583176,1,0.010529283608868383,1,Q9SRV5,0.7978158434488279,1.0,0.6327189,1
Q9SRX2,1,0.5957831,1,0.01731592278801642,1,Q9SRX2,0.970250614386908,1.0,0.95454943,1
Q9SS17,1,0.7279983,1,0.017468483238170615,1,Q9SS17,0.9501069579985713,1.0,0.99228734,1
Q9SS38,1,0.8081328,1,0.0,0,Q9SS38,0.7953415282206111,1.0,0.10204937,0
Q9SSF1,1,0.81276125,1,0.01092643890427824,1,Q9SSF1,0.804300486559036,1.0,0.8883994,1
Q9SSS9,1,0.8081328,1,0.0,0,Q9SSS9,0.651532109755609,1.0,0.108590126,0
Q9STN3,1,0.7219119,1,0.012711305264187523,1,Q9STN3,0.921688577527337,1.0,0.98494226,1
Q9STW1,1,0.76370907,1,0.012315960855027048,1,Q9STW1,0.7809672065005835,1.0,0.20628539,0
Q9STY6,1,0.65109915,1,0.006517065305025531,0,Q9STY6,0.8952936641242424,1.0,0.72413576,1
Q9SU25,1,0.76881486,1,0.006001885085742911,0,Q9SU25,0.9346692920549988,1.0,0.9280157,1
Q9SUA1,1,0.65433794,1,0.001987395412672265,0,Q9SUA1,0.9444886844880516,1.0,0.91878164,1
Q9SUI4,0,0.8081344,1,0.0,0,Q9SUI4,0.1581039294886586,0.0,0.00075924274,0
Q9SUN5,1,0.85498816,1,0.008296870505230964,0,Q9SUN5,0.6950706875454519,1.0,0.40942153,0
Q9SVM8,1,0.8081344,1,0.0,0,Q9SVM8,0.76639348309281,1.0,0.60514116,1
Q9SW44,1,0.6629106,1,0.00610652349212506,0,Q9SW44,0.8565992872639429,1.0,0.97144544,1
Q9SX79,1,0.77196944,1,0.01583397633744856,1,Q9SX79,0.8507152117791807,1.0,0.9896985,1
Q9SY07,1,0.8081328,1,0.0,0,Q9SY07,0.7071089616449349,1.0,0.8416319,1
Q9SY09,1,0.8280712,1,0.010552913198573127,1,Q9SY09,0.7770181408350494,1.0,0.51339984,1
Q9SY97,0,0.8081328,1,0.0,0,Q9SY97,0.2336916223157282,0.0,0.024332862,0
Q9SYA9,1,0.60313874,1,0.0036639882299683113,0,Q9SYA9,0.8130487702374223,1.0,0.5166786,1
Q9SYG2,1,0.61457354,1,0.006271772252861496,0,Q9SYG2,0.7456579272055861,1.0,0.54501754,1
Q9SZD6,1,0.3337119,0,0.0015495867768595042,0,Q9SZD6,0.951799934683236,1.0,0.8335643,1
Q9SZH4,1,0.61307615,1,0.009733700642791552,0,Q9SZH4,0.7983207536785588,1.0,0.72788966,1
Q9SZJ5,1,0.8081328,1,0.0,0,Q9SZJ5,0.8715074347138181,1.0,0.0077508166,0
Q9SZX9,1,0.67565036,1,0.009565309809756615,0,Q9SZX9,0.9458326196416882,1.0,0.986069,1
Q9T029,1,0.83837837,1,0.0063443072702331965,0,Q9T029,0.923296357609914,1.0,0.9251426,1
Q9T043,1,0.8706808,1,0.010080196034751614,1,Q9T043,0.927624951648754,1.0,0.8633995,1
Q9XF89,1,0.8081328,1,0.0,0,Q9XF89,0.3740389882049449,0.0,0.025042942,0
Q9XF91,0,0.8081328,1,0.0,0,Q9XF91,0.2864016232509572,0.0,0.00286452,0
Q9XFD1,1,0.6230719,1,0.03074989780314615,1,Q9XFD1,0.90295935867957,1.0,0.9780267,1
Q9XFR5,1,0.6377383,1,0.0311455780797505,1,Q9XFR5,0.8742665604925464,1.0,0.48006663,0
Q9XFT3,1,0.8081328,1,0.0,0,Q9XFT3,0.7921769008645883,1.0,0.09176361,0
Q9XI21,1,0.8081328,1,0.0,0,Q9XI21,0.7655687400410244,1.0,0.3832171,0
Q9XI36,1,0.5209242,1,0.0011189778645833333,0,Q9XI36,0.7960105456853814,1.0,0.38905555,0
Q9XI42,1,0.564717,1,0.000732421875,0,Q9XI42,0.831295977950361,1.0,0.66816986,1
Q9XIB5,1,0.45747223,0,0.01803195238468165,1,Q9XIB5,0.588648060310023,1.0,0.996103,1
Q9XIF2,1,0.78534925,1,0.009208682325558524,0,Q9XIF2,0.878345935628261,1.0,0.8555341,1
Q9XIJ0,1,0.8081328,1,0.0,0,Q9XIJ0,0.6917699794366806,1.0,0.65342593,1
Q9XIK4,1,0.72914284,1,0.011800897818286424,1,Q9XIK4,0.644298754725496,1.0,0.4906543,0
Q9ZPI1,1,0.8081328,1,0.0,0,Q9ZPI1,0.8997832198722522,1.0,0.5793013,1
Q9ZPX8,1,0.64439064,1,0.048224,1,Q9ZPX8,0.940735224240226,1.0,0.9986664,1
Q9ZQH2,1,0.6205099,1,0.002684297520661157,0,Q9ZQH2,0.8575829985176158,1.0,0.8830716,1
Q9ZR03,0,0.8081328,1,0.0,0,Q9ZR03,0.2189941797784551,0.0,0.029748773,0
Q9ZRZ8,1,0.69418365,1,0.011186771209324665,1,Q9ZRZ8,0.9461220736985888,1.0,0.94345444,1
Q9ZU66,1,0.6642161,1,0.011922379315316957,1,Q9ZU66,0.8049975849181955,1.0,0.5239142,1
Q9ZUI4,1,0.61424565,1,0.005580895574755493,0,Q9ZUI4,0.560653361456457,1.0,0.782924,1
Q9ZUP2,1,0.80813515,1,0.0,0,Q9ZUP2,0.8065201760185972,1.0,0.014972414,0
Q9ZUS0,1,0.6001491,1,0.0033081285444234404,0,Q9ZUS0,0.868305185286746,1.0,0.5552592,1
Q9ZUT9,1,0.5875989,1,0.011225466171905996,1,Q9ZUT9,0.8290432429100116,1.0,0.989288,1
Q9ZUU4,1,0.80813515,1,0.0,0,Q9ZUU4,0.6306396522664754,1.0,0.84470737,1
Q9ZV45,1,0.882234,1,0.009426652892561983,0,Q9ZV45,0.620158647632324,1.0,0.10904429,0
Q9ZVD0,1,0.59194803,1,0.018836805555555555,1,Q9ZVD0,0.918869686645619,1.0,0.9764702,1
Q9ZVH8,1,0.7787792,1,0.005109039500573892,0,Q9ZVH8,0.8762707591133458,1.0,0.23318753,0
Q9ZVL6,1,0.8081328,1,0.0,0,Q9ZVL6,0.3526828638890942,0.0,0.05238359,0
Q9ZVT7,1,0.7572504,1,0.01296246286794491,1,Q9ZVT7,0.7248609956202559,1.0,0.37598482,0
Q9ZW35,1,0.8037711,1,0.00601182277318641,0,Q9ZW35,0.6788542226060915,1.0,0.6447264,1
